event_id,event_name,region,category,generated_hashtags,generated_keywords,extracted_people,extracted_organizations,extracted_locations,extracted_demands,engines_used
EVT_01,Farmers Protest at Shambhu Border,North,Protests,#FarmersProtestShambhu; #ShambhuBorder; #Ambala; #Punjab; #HaryanaPolice; #KisanMahapanchayat; #FarmersAccount; #TechInnovation; #TechCommunity,farmers protest at shambhu border shambhu border; debt waiver; facing tear gas; Haryana Police; Kisan Mahapanchayat; Farmers Account; ambala shambhu border; punjab shambhu border; Delhi,Kisan Mahapanchayat; Farmers Account,Haryana Police,Shambhu Border; Ambala; Haryana; Punjab; Delhi,debt waiver; facing tear gas,"Bing, DuckDuckGo"
EVT_02,Delhi Air Pollution Emergency and GRAP IV,North,Environment,#DelhiAirPollution; #NewDelhi; #DelhiNCR; #CentralPollutionControl; #AirQuality; #CleanAir,delhi air pollution emergency and grap iv new delhi; banning diesel medium; heavy goods vehicles; halting non-essential construction; Central Pollution Control Board; Air Quality; Delhi Ncr,Air Quality,Central Pollution Control Board,New Delhi; Delhi Ncr; Delhi,banning diesel medium; heavy goods vehicles; halting non-essential construction,"Bing, DuckDuckGo"
EVT_03,Ayodhya Ram Mandir Pran Pratishtha,North,Festivals,#AyodhyaRamMandirPran; #UttarPradesh; #MinistryElectronics; #RamLalla; #RamJanmabhoomi; #NarendraModi,ayodhya ram mandir pran pratishtha ayodhya; rss chief mohan bhagwat; Ministry of Electronics; Uttar Pradesh; Ram Lalla; Narendra Modi; Ram Janmabhoomi; Mandir Opening; Prime Minister; Arun Yogiraj; Lord Ram; Ayodhya Tourism; National Informatics Centre,Ram Lalla; Ram Janmabhoomi; Narendra Modi; Ayodhya Ram; Mandir Opening; Prime Minister; Arun Yogiraj; Ram Mandir; Uttar Pradesh; Lord Ram; Ayodhya Tourism,Ministry of Electronics,Ayodhya; Uttar Pradesh; National Informatics Centre,rss chief mohan bhagwat,"Bing, DuckDuckGo"
EVT_04,Joshimath Land Subsidence Crisis,North,Environment,#JoshimathLandSubsidence; #Chamoli; #Uttarakhand; #JoshimathSinking; #Hydrogeological; #LandSubsidence; #TechInnovation; #TechCommunity,joshimath land subsidence crisis joshimath; geological land sinking; Joshimath Sinking; Hydrogeological Investigation; Sh Vinod; Saklani Joshimath; chamoli joshimath; uttarakhand joshimath,Joshimath Sinking; Hydrogeological Investigation; Land Subsidence; Sh Vinod; Saklani Joshimath,,Joshimath; Chamoli; Uttarakhand,geological land sinking,DuckDuckGo
EVT_05,G20 Tourism Working Group in Srinagar,North,Public Affairs,#G20TourismWorkingGroup; #SKICC; #Srinagar; #JammuKashmir; #DalLakeSrinagar; #TourismWorking; #KashmirInternational,g20 tourism working group in srinagar skicc; focusing on eco-tourism; green tourism; Dal Lake in Srinagar; Kashmir International; skicc location; Jammu And Kashmir; Kashmir International Conference Centre,Tourism Working; Kashmir International,G20 Tourism Working Group in Srinagar SKICC; G20 Tourism Working Group; Dal Lake in Srinagar,Skicc; Srinagar; Jammu And Kashmir; Kashmir International Conference Centre,focusing on eco-tourism; green tourism,Bing
EVT_06,Khelo India Winter Games in Gulmarg,North,Sports,#KheloIndiaWinterGames; #Gulmarg; #Baramulla; #JammuKashmir; #StatesUnionTerritories; #NisithPramanik; #WinterGames; #TechInnovation; #TechCommunity,khelo india winter games in gulmarg gulmarg; featuring alpine skiing; ski mountaineering; States and Union Territories; Nisith Pramanik; Nordic Ski; Indian Army; Lieutenant Governor; Manoj Sinha; gulmarg location; baramulla gulmarg; Jammu And Kashmir,Nisith Pramanik; Winter Games; Alpine Skiing; Nordic Ski; Indian Army; Lieutenant Governor; Manoj Sinha,States and Union Territories,Gulmarg; Baramulla; Jammu And Kashmir,featuring alpine skiing; ski mountaineering,DuckDuckGo
EVT_07,Shimla Urban Water Crisis and Tourism Impact,North,Public Affairs,#ShimlaUrbanWaterCrisis; #TheMall; #HimachalPradesh; #ShimlaMunicipal; #AssessingWater; #AbstractWater; #SportsIndia; #Championship,shimla urban water crisis and tourism impact the mall; acute drinking water rationing; giri pumping stations; leading to citizen; hotel occupancy drops; Shimla Municipal Corporation; Himachal Pradesh; Assessing Water; Abstract Water; Shimla Town; Shimla Jal; Prabandhan Nigam; Tourist Hill; Shimla Planning,Assessing Water; Himachal Pradesh; Abstract Water; Shimla Municipal; Shimla Town; Shimla Jal; Prabandhan Nigam; Tourist Hill; Shimla Planning,Shimla Municipal Corporation,The Mall; Shimla; Himachal Pradesh,acute drinking water rationing; giri pumping stations; leading to citizen; hotel occupancy drops,"Bing, DuckDuckGo"
EVT_08,Khatkar Toll Plaza Protests in Jind,North,Protests,#KhatkarTollPlazaProtests; #Haryana; #JindHisar; #RememberingSatyapal; #SatyapalMalik; #ProtestNews,khatkar toll plaza protests in jind khatkar toll plaza; Jind Patiala; Plaza Farmers; Vehicle Toll; Jind Hisar; Remembering Satyapal; Satyapal Malik; Haryana News; Patiala National; haryana khatkar toll plaza; Delhi,Jind Hisar; Remembering Satyapal; Satyapal Malik; Jind Patiala; Khatkar Toll; Plaza Farmers; Vehicle Toll; Haryana News; Patiala National,,Khatkar Toll Plaza; Jind; Haryana; Delhi,,DuckDuckGo
EVT_09,Maha Kumbh Mela Preparations in Prayagraj,North,Festivals,#MahaKumbhMelaPreparations; #Sangam; #Prayagraj; #UttarPradesh; #FestivalVibes; #CultureAndHeritage,maha kumbh mela preparations in prayagraj sangam; massive civic infrastructure; tent cities; ghat renovations; Uttar Pradesh; Prayag Maha; Triveni Sangam; sangam location,Maha Kumbh; Uttar Pradesh; Prayag Maha; Kumbh Mela; Triveni Sangam,,Sangam; Prayagraj; Uttar Pradesh,massive civic infrastructure; tent cities; ghat renovations,"Bing, DuckDuckGo"
EVT_10,Kashi Vishwanath Corridor Pilgrimage Surge,North,Government Initiatives,#KashiVishwanathCorridor; #Varanasi; #UttarPradesh,kashi vishwanath corridor pilgrimage surge varanasi; drone surveillance; Kashi Vishwanath Official; Temple Set; World Record; Lakhs Devotees; Uttar Pradesh; Lord Shiva; International Rice; Research Institute; varanasi location,Kashi Vishwanath; Kashi Vishwanath Official; Temple Set; World Record; Lakhs Devotees; Uttar Pradesh; Lord Shiva; International Rice; Research Institute; Vishwanath Official,,Varanasi; Uttar Pradesh,drone surveillance,"Bing, DuckDuckGo"
EVT_11,Bengaluru Tech Summit 2024,South,Technology,#BengaluruTechSummit2024; #BangalorePalace; #Karnataka; #DepartmentElectronics; #DepartmentInformation; #InformationTechnology; #BreakingBoundaries; #TechInnovation; #TechCommunity,bengaluru tech summit 2024 bangalore palace; government of karnataka; uniting tech founders; unicorn ceos; venture capitalists; deep-tech innovations; Department of Electronics; Department of Information Technology; Breaking Boundaries; Karnataka Tourism; karnataka bangalore palace,Bangalore Palace; Information Technology; Breaking Boundaries; Karnataka Tourism; Bengaluru Palace,Department of Electronics; Department of Information Technology,Bangalore Palace; Bengaluru; Karnataka,government of karnataka; uniting tech founders; unicorn ceos; venture capitalists; deep-tech innovations,"Bing, DuckDuckGo"
EVT_12,Cauvery Water Dispute Bandh in Bengaluru,South,Protests,#CauveryWaterDisputeBandh; #Bengaluru; #Karnataka; #CauveryWaterManagement; #WaterResourcesDepartment; #CauveryDispute; #StatewideBandh; #MandyaLiquor; #SaveEnvironment; #ClimateAction,cauvery water dispute bandh in bengaluru bengaluru; Cauvery Water Management Authority; Water Resources Department; Tamil Nadu; Statewide Bandh; Mandya Liquor; Karnataka Bandh; Bandh Hits; Bengaluru Remains; Vatal Nagaraj; Cauvery River; bengaluru location; karnataka bengaluru,Cauvery Dispute; Statewide Bandh; Mandya Liquor; Tamil Nadu; Cauvery Water; Karnataka Bandh; Water Dispute; Bandh Hits; Bengaluru Remains; Vatal Nagaraj; Water Resources; Cauvery River,Cauvery Water Management Authority; Water Resources Department,Bengaluru; Mandya; Karnataka,,"Bing, DuckDuckGo"
EVT_13,Aero India Air Show at Yelahanka,South,Technology,#AeroIndiaAirShowYelahanka; #AirForceStationYelahanka; #Bengaluru; #Karnataka; #YelahankaAirForceStation; #MinistryDefence; #DepartmentDefence; #IndianAirForce; #RajnathSingh; #DefenceExhibition; #TechInnovation; #TechCommunity,aero india air show at yelahanka air force station yelahanka; drdo drones; brahmos missiles; defense flight aerobatic maneuvers; Ministry of Defence; Department of Defence Production; Indian Air Force; Yelahanka Air Force Station in Bengaluru; Defence Exhibition; Raksha Mantri; Rajnath Singh; Premier Aerospace; Billion Opportunities; Discover Aero; Largest Aerospace; Defence Expo; Aatmanirbhar Bharat; Key Features; karnataka air force station yelahanka,Rajnath Singh; Yelahanka Air; Defence Exhibition; Premier Aerospace; Defence Production; Raksha Mantri; Billion Opportunities; Discover Aero; Station Yelahanka; Largest Aerospace; Defence Expo; Indian Air; Aatmanirbhar Bharat; Key Features,Yelahanka Air Force Station; Ministry of Defence; Department of Defence Production; Air Force Station; Yelahanka Air Force; Yelahanka Air Force Station in Bengaluru; Air Force Station Yelahanka; Indian Air Force; Air Force,Air Force Station Yelahanka; Bengaluru; Karnataka,drdo drones; brahmos missiles; defense flight aerobatic maneuvers,DuckDuckGo
EVT_14,Jallikattu Bull Taming Festival in Alanganallur,South,Festivals,#JallikattuBullTaming; #Alanganallur; #Madurai; #TamilNadu; #TechInnovation; #TechCommunity,jallikattu bull taming festival in alanganallur alanganallur; Tamil Nadu; alanganallur location; madurai alanganallur,Alanganallur Jallikattu; Tamil Nadu,,Alanganallur; Madurai; Tamil Nadu,,DuckDuckGo
EVT_15,Ennore Creek Oil Spill Environmental Disaster,South,Environment,#EnnoreCreekOilSpill; #KosasthalaiyarRiver; #TamilNadu; #ChennaiPetroleum; #ResearchJournal; #CycloneMichaung; #SaveEnvironment; #ClimateAction,ennore creek oil spill environmental disaster ennore creek; destroying mangrove swamps; fishing livelihood; Chennai Petroleum Corporation Limited; Chennai Petroleum Corporation Ltd; Buckingham Canal; Kosasthalaiyar River; Research Journal; Cyclone Michaung; Oil Spills; Indian Fishers; Kamarajar Port; Tamil Nadu; Dawn Kanchipuram; North Chennai,Research Journal; Cyclone Michaung; Chennai Petroleum; Kosasthalaiyar River; Buckingham Canal; Ennore Creek; Oil Spills; Indian Fishers; Kamarajar Port; Tamil Nadu; Dawn Kanchipuram; North Chennai,Chennai Petroleum Corporation Limited; Chennai Petroleum Corporation Ltd,Ennore Creek; Kosasthalaiyar River; Chennai; Tamil Nadu,ennore creek; destroying mangrove swamps; fishing livelihood,"Bing, DuckDuckGo"
EVT_16,Formula 4 Indian Street Circuit Night Race,South,Sports,#Formula4IndianStreet; #IslandGrounds; #TamilNadu; #ChennaiFormula; #RacingCircuit; #TechInnovation; #TechCommunity,formula 4 indian street circuit night race island grounds; marina beach; Chennai Formula; Racing Circuit; Tamil Nadu; Formula Racing; Driven International; Indian Championship; Indian Racing; South Asia; Cooum River; Victory War; Napier Bridge; World Championship,Chennai Formula; Racing Circuit; Island Grounds; Tamil Nadu; Indian Championship; Indian Racing; Formula Racing; South Asia; Driven International; Cooum River; Victory War; Napier Bridge; Marina Beach; World Championship,,Island Grounds; Chennai; Tamil Nadu,marina beach,"Bing, DuckDuckGo"
EVT_17,Wayanad Landslides Disaster and Relief,South,Environment,#WayanadLandslidesDisaster; #Chooralmala; #Meppadi; #Kerala; #MohandasKaramchand; #IruvanipuzhaRiver; #TechInnovation; #TechCommunity,wayanad landslides disaster and relief chooralmala; ndrf operations; Mohandas Karamchand; Iruvanipuzha River; chooralmala location; meppadi chooralmala; kerala chooralmala,Mohandas Karamchand; Iruvanipuzha River,,Chooralmala; Meppadi; Wayanad; Kerala,ndrf operations,DuckDuckGo
EVT_18,Thrissur Pooram Festival and Kudamattom,South,Festivals,#ThrissurPooramFestival; #VadakkunnathanTemple; #ThekkinkaduMaidan; #CochinDevaswomBoard; #KeralaTourism; #TechInnovation; #TechCommunity,thrissur pooram festival and kudamattom vadakkunnathan temple; thiruvambady devaswoms; Cochin Devaswom Board; Kerala Tourism; Thekkinkadu Maidanam; Shakthan Thampuran; Malayalam Calendar,Thrissur Pooram; Kerala Tourism; Thekkinkadu Maidanam; Shakthan Thampuran; Vadakkunnathan Temple; Malayalam Calendar; Thekkinkadu Maidan; Cochin Devaswom,Cochin Devaswom Board,Vadakkunnathan Temple; Thekkinkadu Maidan; Thrissur; Kerala,thiruvambady devaswoms,"Bing, DuckDuckGo"
EVT_19,Kochi-Muziris Biennale Contemporary Art Exhibition,South,Social Issues,#KochiMuzirisBiennale; #FortKochi; #Mattancherry; #Kerala; #KochiBiennaleFoundation; #MuzirisBiennale; #BoseKrishnamachari,kochi-muziris biennale contemporary art exhibition fort kochi; international contemporary art biennale; aspinwall house; sea-facing venues; showcasing artworks; Kochi Biennale Foundation; Muziris Biennale; Bose Krishnamachari; Riyas Komu; Kochi Muziris; mattancherry fort kochi; kerala fort kochi,Muziris Biennale; Bose Krishnamachari; Riyas Komu; Fort Kochi; Aspinwall House; Kochi Muziris; Kochi Biennale,Kochi Biennale Foundation,Fort Kochi; Mattancherry; Kochi; Kerala,international contemporary art biennale; aspinwall house; sea-facing venues; showcasing artworks,DuckDuckGo
EVT_20,Global AI Summit at HICC Hyderabad,South,Technology,#GlobalAISummitHICC; #HICCNovotel; #HitecCity; #Hyderabad; #Telangana; #HostGlobal; #GreaterHyderabad; #ExploreGlobal; #TechInnovation; #TechCommunity,global ai summit at hicc hyderabad hicc novotel; ethical ai frameworks; Host Global; Greater Hyderabad; Explore Global; Hitec City; telangana hicc novotel,Host Global; Greater Hyderabad; Explore Global,,Hicc Novotel; Hitec City; Hyderabad; Telangana,ethical ai frameworks,"Bing, DuckDuckGo"
EVT_21,Hyderabad E-Prix Formula E Championship,South,Sports,#HyderabadEPrixFormulaE; #HussainSagar; #NTRMarg; #Telangana; #WorldChampionship; #PrixRacetrack; #TechInnovation; #TechCommunity,hyderabad e-prix formula e championship hussain sagar; World Championship; Prix Racetrack; Greenko Hyderabad; Ntr Marg; telangana hussain sagar,World Championship; Prix Racetrack; Hussain Sagar; Greenko Hyderabad,,Ntr Marg; Hussain Sagar; Hyderabad; Telangana,,"Bing, DuckDuckGo"
EVT_22,Bonalu Festival Celebrations in Hyderabad,South,Festivals,#BonaluFestival; #GolcondaFort; #LalDarwaza; #Hyderabad; #Telangana; #JulySignificance; #GoddessMahakali; #CitiesHyderabad; #TechInnovation; #TechCommunity,bonalu festival celebrations in hyderabad golconda fort; secunderabad ujjaini mahakali temple; pothuraju dances; Goddess Mahakali; Sri Jagadamba; July Significance; Cities Hyderabad; Ashada Masam; Bonalu Kicks; Hyderabad Full; Ashadam Bonalu; Mahankali Temple; Lal Darwaza; Musi River; Devotees Flock; Yellamma Temple; telangana golconda fort,July Significance; Goddess Mahakali; Cities Hyderabad; Ashada Masam; Bonalu Kicks; Golconda Fort; Sri Jagadamba; Hyderabad Full; Ashadam Bonalu; Mahankali Temple; Lal Darwaza; Musi River; Devotees Flock; Bonalu Celebrations; Sri Jagadambika; Yellamma Temple,,Golconda Fort; Lal Darwaza; Hyderabad; Telangana; Secunderabad,secunderabad ujjaini mahakali temple; pothuraju dances,DuckDuckGo
EVT_23,Chandrayaan-3 Moon Mission Launch,South,Technology,#Chandrayaan3MoonMission; #SatishDhawanSpaceCentre; #Sriharikota; #AndhraPradesh; #IndianSpace,chandrayaan-3 moon mission launch satish dhawan space centre; Andhra Pradesh; Indian Space; Research Organisation; Geostationary Transfer; Second Launch; sriharikota satish dhawan space centre,Satish Dhawan; Andhra Pradesh; Indian Space; Research Organisation; Geostationary Transfer; Second Launch,,Satish Dhawan Space Centre; Sriharikota; Andhra Pradesh,,DuckDuckGo
EVT_24,Amaravati Capital City Farmer Protests,South,Politics,#AmaravatiCapitalCity; #Thullur; #AndhraPradesh; #YSRCongress; #TechInnovation; #TechCommunity,amaravati capital city farmer protests amaravati; sustained agitation; opposing three-capital plans; Land Pooling Scheme; YSR Congress; Andhra Pradesh; Days Amaravati; thullur amaravati,Andhra Pradesh; Land Pooling; Days Amaravati,YSR Congress,Amaravati; Thullur; Andhra Pradesh,sustained agitation; opposing three-capital plans; Land Pooling Scheme,"Bing, DuckDuckGo"
EVT_25,Maratha Reservation Morcha in Mumbai,West,Protests,#MarathaReservationMorcha; #AzadMaidan; #Maharashtra; #PatilMumbaiMorcha; #MumbaiPolice; #ManojJarange; #TechInnovation; #TechCommunity,maratha reservation morcha in mumbai azad maidan; massive hunger strike; Mumbai Police; Patil Mumbai Morcha; Manoj Jarange; Antarwali Sarati; Maratha Quota; Maidan Denied; Jarange Patil; maharashtra azad maidan,Manoj Jarange; Antarwali Sarati; Azad Maidan; Patil Mumbai; Maratha Quota; Mumbai Azad; Maidan Denied; Jarange Patil,Patil Mumbai Morcha; Mumbai Police,Azad Maidan; Mumbai; Maharashtra,massive hunger strike,DuckDuckGo
EVT_26,Pune Ganesh Visarjan Immersion Procession,West,Festivals,#LaxmiRoad; #AlkaTalkiesChowk; #Maharashtra; #KasbaGanpati; #PuneGanesh; #VisarjanTraffic; #SaveEnvironment; #ClimateAction,pune ganesh visarjan immersion procession pune; dhol tasha dhwaj pathaks; eco-friendly immersions; Kasba Ganpati; Alka Talkies; Limbaraj Maharaj; Visarjan Traffic; Major Diversions; Manacha Ganpati; Reaches Alka; Anant Chaturdashi; Manache Paach; Lokmanya Tilak; Mandals Get; Sixteen Pune; Enter Laxmi; Sixteen Ganesh; Pune Alka; Ganpati Visarjan; Laxmi Road; Alka Talkies Chowk; Limbaraj Maharaj Chowk; maharashtra pune; Tilak Road; Kumthekar Road; Kelkar Road; Kasba Ganpati Reaches Alka Chowk; Entry Route To Laxmi Road; Mandals To Enter Laxmi Road; Pune Alka Talkies Chowk,Kasba Ganpati; Pune Ganesh; Visarjan Traffic; Major Diversions; Alka Talkies; Manacha Ganpati; Reaches Alka; Ganesh Visarjan; Anant Chaturdashi; Manache Paach; Lokmanya Tilak; Mandals Get; Sixteen Pune; Limbaraj Maharaj; Enter Laxmi; Sixteen Ganesh; Pune Alka; Ganpati Visarjan,,Laxmi Road; Alka Talkies Chowk; Pune; Maharashtra; Tilak Road; Kumthekar Road; Kelkar Road; Kasba Ganpati Reaches Alka Chowk; Alka Chowk; Entry Route To Laxmi Road; Limbaraj Maharaj Chowk; Mandals To Enter Laxmi Road; Pune Alka Talkies Chowk,dhol tasha dhwaj pathaks; eco-friendly immersions,DuckDuckGo
EVT_27,Mumbai Coastal Road Project Inauguration,West,Government Initiatives,#MumbaiCoastalRoadProject; #MarineDriveWorli; #Maharashtra; #EknathShinde; #TechInnovation; #TechCommunity,mumbai coastal road project inauguration marine drive to worli; Eknath Shinde; Dharamveer Swarajya; Rakshak Chhatrapati; Sambhaji Maharaj; Marine Lines; Worli Sea; maharashtra marine drive to worli; Sambhaji Maharaj Mumbai Coastal Road; The Mumbai Coastal Road,Eknath Shinde; Dharamveer Swarajya; Rakshak Chhatrapati; Sambhaji Maharaj; Mumbai Coastal; Marine Lines; Marine Drive; Worli Sea,,Marine Drive To Worli; Mumbai; Maharashtra; Coastal Road; Sambhaji Maharaj Mumbai Coastal Road; Mumbai Coastal Road; The Mumbai Coastal Road,,"Bing, DuckDuckGo"
EVT_28,Vibrant Gujarat Global Summit in Gandhinagar,West,Technology,#VibrantGujaratGlobal; #MahatmaMandir; #Gandhinagar; #Gujarat; #NarendraModi; #GlobalSummit,vibrant gujarat global summit in gandhinagar mahatma mandir; fortune 500 ceos; investment mous; green hydrogen; Union Home and Cooperation Minister Shri Amit; Indian Industry; Narendra Modi; Shri Amit Shah; Amrit Kaal; Mahatma Mandir Convention; Exhibition Centre,Narendra Modi; Shri Amit Shah; Global Summit; Mahatma Mandir; Indian Industry; Cooperation Minister; Amrit Kaal,Union Home and Cooperation Minister Shri Amit,Mahatma Mandir; Gandhinagar; Gujarat; Mahatma Mandir Convention; Exhibition Centre,fortune 500 ceos; investment mous; green hydrogen,DuckDuckGo
EVT_29,International Kite Festival Uttarayan in Ahmedabad,West,Festivals,#InternationalKiteFestival; #SabarmatiRiverfront; #Ahmedabad; #Gujarat; #SaveEnvironment; #ClimateAction,international kite festival uttarayan in ahmedabad sabarmati riverfront; Uttarayan Guide; Kite Flying; Uttarayan Accommodation; gujarat sabarmati riverfront; Sabarmati Riverfront Manek Chowk; Vadodara; Hyderabad; Surat; Jaipur,International Kite; Sabarmati Riverfront; Uttarayan Guide; Kite Flying; Uttarayan Accommodation,,Sabarmati Riverfront; Ahmedabad; Gujarat; Sabarmati Riverfront Manek Chowk; Vadodara; Hyderabad; Surat; Jaipur,,"Bing, DuckDuckGo"
EVT_30,National Unity Day Rashtriya Ekta Diwas,West,Public Affairs,#NationalUnityDayRashtriya; #StatueUnity; #Kevadia; #Narmada; #Gujarat; #NarendraModi; #SardarPatel; #TechInnovation; #TechCommunity,national unity day rashtriya ekta diwas statue of unity; Narendra Modi; Sardar Patel; Prime Minister; Sardar Vallabhbhai; Sardar Vallabhbhai Patel; Celebrating Rashtriya; Bharat Parv; Political Integration; kevadia statue of unity; narmada statue of unity; gujarat statue of unity; Ekta Nagar,Narendra Modi; Sardar Vallabhbhai Patel; Sardar Patel; Rashtriya Ekta; Prime Minister; Sardar Vallabhbhai; Celebrating Rashtriya; Ekta Diwas; Bharat Parv; Vallabhbhai Patel; Political Integration,,Statue Of Unity; Kevadia; Narmada; Gujarat; Ekta Nagar,,"Bing, DuckDuckGo"
EVT_31,Jaipur Literature Festival at Hotel Clarks Amer,West,Social Issues,#JaipurLiteratureFestival; #HotelClarksAmer; #Rajasthan; #TechInnovation; #TechCommunity,jaipur literature festival at hotel clarks amer hotel clarks amer; booker prize winners; artificial intelligence; rajasthan hotel clarks amer,Jaipur Literature; Hotel Clarks,,Hotel Clarks Amer; Jaipur; Rajasthan,booker prize winners; artificial intelligence,"Bing, DuckDuckGo"
EVT_32,Pushkar International Camel and Livestock Fair,West,Festivals,#PushkarInternationalCamel; #PushkarMelaGround; #Ajmer; #RajasthanTourism; #PushkarCamel; #TechInnovation; #TechCommunity,pushkar international camel and livestock fair pushkar mela ground; traditional turban-tying contests; folk music concerts; Rajasthan Tourism; ajmer pushkar mela ground,Rajasthan Tourism; Pushkar Camel; Pushkar Mela; Pushkar Fair; Camel Fair,,Pushkar Mela Ground; Ajmer; Rajasthan,traditional turban-tying contests; folk music concerts,"Bing, DuckDuckGo"
EVT_33,Kota Coaching Center Student Safety Framework,West,Education,#KotaCoachingCenterStudent; #KotaStudent; #RajasthanGovernment,kota coaching center student safety framework kota; statewide guidelines; psychological counseling; jee aspirants; Rajasthan Government; Rajasthan Guidelines; Rising Student; Sawai Madhopur; Jaipur,Kota Student; Rajasthan Government; Rajasthan Guidelines; Rising Student; Sawai Madhopur,,Kota; Rajasthan; Jaipur,statewide guidelines; psychological counseling; jee aspirants,"Bing, DuckDuckGo"
EVT_34,International Film Festival of India (IFFI) in Goa,West,Social Issues,#InternationalFilmFestival; #Panaji; #Goa; #NationalFilmDevelopment; #MinistryInformation; #EntertainmentSocietyGoa; #FestivalVibes; #CultureAndHeritage,international film festival of india (iffi) in goa panaji; honoring global cinema; Ministry of Information; National Film Development Corporation; Entertainment Society of Goa; Shyama Prasad; Stuart Gatt; Shekhar Kapur; Best Web; Series Award; Endless Borders; Wins Golden; Shyama Prasad Mukherjee Indoor Stadium; panaji location,International Film; Stuart Gatt; Shekhar Kapur; Best Web; Series Award; Shyama Prasad; Endless Borders; Wins Golden,National Film Development Corporation; Ministry of Information; Entertainment Society of Goa; Entertainment Society,Panaji; Goa; Shyama Prasad Mukherjee Stadium; Shyama Prasad Mukherjee Indoor Stadium,honoring global cinema,DuckDuckGo
EVT_35,RG Kar Hospital Doctors Strike in Kolkata,East,Protests,#RGKarHospitalDoctors; #RGKarMedicalCollege; #Shyambazar; #WestBengal; #KolkataPolice; #KarMedical; #SanjayRoy; #HospitalShook; #TechInnovation; #TechCommunity,rg kar hospital doctors strike in kolkata rg kar medical college; justice; massive public; 'reclaim the night' vigils; Kolkata Police; Sanjay Roy; Hospital Shook; Dorina Crossing; shyambazar rg kar medical college; West Bengal; College Square,Kar Medical; Sanjay Roy; Hospital Shook; Dorina Crossing,Kolkata Police,Rg Kar Medical College; Shyambazar; Kolkata; West Bengal; College Square,justice; massive public; 'reclaim the night' vigils,"Bing, DuckDuckGo"
EVT_36,Kolkata Durga Puja Carnival along Red Road,East,Festivals,#KolkataDurgaPujaCarnival; #Maidan; #RedRoad; #WestBengal; #DurgaPuja; #PujaCarnival; #KolkataCarnival; #TechInnovation; #TechCommunity,kolkata durga puja carnival along red road maidan; showcasing award-winning idol tableaux; chhau dancers; Fort William; Puja Parikrama; Immersion Carnival; Akashvani Bhavan; Puja Immersion; Explore Red; maidan location; West Bengal; Explore Red Road,Durga Puja; Puja Carnival; Kolkata Carnival; Puja Parikrama; Immersion Carnival; Fort William; Akashvani Bhavan; Puja Immersion; Explore Red,,Red Road; Maidan; Kolkata; West Bengal; Explore Red Road,showcasing award-winning idol tableaux; chhau dancers,"Bing, DuckDuckGo"
EVT_37,Darjeeling Tea Garden Minimum Wage Agitation,East,Social Issues,#DarjeelingTeaGarden; #Chowrasta; #Committee; #IndianGorkhaJanshakti; #TeaBoardIndia; #WestBengalLabour; #NorthBengalJointForum; #TearsBeneath; #TeaCups; #MinimumWages; #TechInnovation; #TechCommunity,darjeeling tea garden minimum wage agitation chowrasta; tea plantation workers; labor unions; Minimum Wages Act; West Bengal Labour Commission; Indian Gorkha Janshakti Front; Tea Board of India; West Bengal Tea Workers Protest Movement; North Bengal Joint Forum; Tears Beneath; Tea Cups; Hill Terai; Dooars Chiyabari; Shramik Sangh; Bitter Brew; Detailed Analysis; chowrasta location,Tears Beneath; Tea Cups; Minimum Wages; Hill Terai; Dooars Chiyabari; Shramik Sangh; Indian Gorkha; Bitter Brew; Tea Garden; Tea Workers; Detailed Analysis,Committee; Indian Gorkha Janshakti Front; Tea Board of India; West Bengal Labour Commission; West Bengal Tea Workers Protest Movement; North Bengal Joint Forum; Tea Board,Chowrasta; Darjeeling; West Bengal,tea plantation workers; labor unions; Minimum Wages Act,DuckDuckGo
EVT_38,Puri Jagannath Rath Yatra Festival,East,Festivals,#PuriJagannathRathYatra; #GrandRoadBadaDanda; #Odisha; #PuriRath; #RathYatra; #LordJagannath; #FestivalVibes; #CultureAndHeritage,puri jagannath rath yatra festival puri; Lord Jagannath; Jagannath Temple; Gundicha Temple; Lord Balabhadra; Devi Subhadra; Bada Danda; Goddess Subhadra; Yatra Complete; Jagannath Chariot; Puri Guide; Grand Road Bada Danda; odisha puri,Puri Rath; Rath Yatra; Lord Jagannath; Lord Balabhadra; Goddess Subhadra; Jagannath Temple; Gundicha Temple; Jagannath Rath; Yatra Complete; Devi Subhadra; Jagannath Puri; Bada Danda; Jagannath Chariot; Puri Guide,,Grand Road Bada Danda; Puri; Odisha; Grand Road,,DuckDuckGo
EVT_39,Odisha School Textbook Controversy,East,Education,#OdishaSchoolTextbook; #Bhubaneswar; #NavnirmanYuvaChhatra; #NabnirmanYuvaChhatra; #CJP; #NityanandaGond; #ManwarAli; #StudentProtest; #EducationFirst,odisha school textbook controversy bhubaneswar; alleged errors; resignation of odisha school; Navnirman Yuva Chhatra Sangathan; Manwar Ali; Nityananda Gond; Utkal Gaurav; Madhusudan Das; Sri Nabakrushna; bhubaneswar location,Nityananda Gond; Manwar Ali; Utkal Gaurav; Madhusudan Das; Sri Nabakrushna,Navnirman Yuva Chhatra Sangathan; Nabnirman Yuva Chhatra Sangathan; CJP,Bhubaneswar; Odisha,alleged errors; resignation of odisha school,"Bing, DuckDuckGo"
EVT_40,Make in Odisha Conclave in Bhubaneswar,East,Technology,#MakeOdishaConclave; #JanataMaidan; #Bhubaneswar; #Odisha; #NarendraModi; #ModiInaugurates; #TechInnovation; #TechCommunity,make in odisha conclave in bhubaneswar janata maidan; securing investment pledges; aluminum manufacturing; Union Ministers Dharmendra Pradhan and Ashwini Vaishnaw; Narendra Modi; Prime Minister; Mohan Charan Majhi; Modi Inaugurates; Business Conclave; Global Investment; Bhubaneswar Airport,Mohan Charan Majhi; Narendra Modi; Modi Inaugurates; Janata Maidan; Charan Majhi; Prime Minister; Business Conclave; Global Investment; Mohan Charan; Dharmendra Pradhan; Ashwini Vaishnaw; Bhubaneswar Airport,Union Ministers Dharmendra Pradhan and Ashwini Vaishnaw,Janata Maidan; Bhubaneswar; Odisha,securing investment pledges; aluminum manufacturing,DuckDuckGo
EVT_41,BPSC Teacher Recruitment Aspirants Protest in Patna,East,Education,#BPSCTeacherRecruitment; #GandhiMaidan; #DakBungalowChowk; #Patna; #EducationDepartment; #BiharPublicService; #TechInnovation; #TechCommunity,bpsc teacher recruitment aspirants protest in patna gandhi maidan; secondary teaching candidates; Bihar Public Service Commission; Education Department; Dak Bungalow Chowk,,Education Department; Bihar Public Service Commission,Dak Bungalow Chowk; Gandhi Maidan; Patna; Bihar,secondary teaching candidates,Bing
EVT_42,Chhath Puja Sun Worship at Ganga Ghats in Patna,East,Festivals,#ChhathPujaSunWorshipGanga; #CollectorateGhat; #DighaGhat; #Patna; #Bihar; #SunGod; #SaveEnvironment; #ClimateAction,chhath puja sun worship at ganga ghats in patna collectorate ghat; rising sun; bamboo soop offerings; Sun God; Ganga River; Experience Chhath; Chhathi Maiya; Complete Traveler; Complete Visitor; Digha Ghat; bihar collectorate ghat,Chhath Puja; Sun God; Chhathi Maiya; Complete Traveler; Complete Visitor; Ganga River; Experience Chhath,,Collectorate Ghat; Digha Ghat; Patna; Bihar,rising sun; bamboo soop offerings,DuckDuckGo
EVT_43,Bihar Caste-Based Survey Report Release,East,Politics,#BiharCasteBasedSurvey; #Patna; #NarendraModi; #BiharChief,bihar caste-based survey report release patna; Bihar Caste; Based Survey; Narendra Modi; Nitish Kumar; Bihar Chief; Gandhi Jayanti; Bihar Government; Prime Minister; Bihar Aakasmikta; Jeevika Didi; patna location,Nitish Kumar; Narendra Modi; Bihar Chief; Gandhi Jayanti; Bihar Government; Bihar Caste; Based Survey; Survey Report; Prime Minister; Bihar Aakasmikta; Jeevika Didi,,Patna; Bihar,,"Bing, DuckDuckGo"
EVT_44,Sammed Shikharji Jain Pilgrimage Protection Agitation,East,Protests,#SammedShikharjiJain; #ParasnathHill; #Giridih; #Jharkhand; #AsksJharkhand; #TechInnovation; #TechCommunity,sammed shikharji jain pilgrimage protection agitation parasnath hill; state; wildlife sanctuary destination; Save Shikharji Movement Shikharji Movement; Jain Woman; Asks Jharkhand; Hemant Soren; Jains Protesting; Landmark Judgment; Jain Faith; Indian Democrazy; Confronts Trekkers; Parasnath Hills; giridih parasnath hill; jharkhand parasnath hill,Sammed Shikharji; Asks Jharkhand; Hemant Soren; Save Shikharji; Jains Protesting; Parasnath Hill; Landmark Judgment; Jain Faith; Indian Democrazy; Jain Woman; Confronts Trekkers,Save Shikharji Movement Shikharji Movement,Parasnath Hill; Giridih; Jharkhand; Parasnath Hills,state; wildlife sanctuary destination,DuckDuckGo
EVT_45,National Tribal Youth Festival in Ranchi,East,Festivals,#NationalTribalYouth; #MorabadiGround; #Ranchi; #JharkhandAdivasi; #JharkhandTribal; #FestivalVibes; #CultureAndHeritage,national tribal youth festival in ranchi morabadi ground; gathering indigenous dance troupes; traditional archers; Jharkhand Tribal; Jharkhand Adivasi; World Indigenous; Morabadi Maidan; Tribal Culture; Ranjo Vlogs,Jharkhand Adivasi; Jharkhand Tribal; World Indigenous; Morabadi Maidan; Tribal Culture; Ranjo Vlogs,,Morabadi Ground; Ranchi; Jharkhand,gathering indigenous dance troupes; traditional archers,"Bing, DuckDuckGo"
EVT_46,Project Cheetah in Kuno National Park,Central,Environment,#ProjectCheetahKuno; #KunoNationalPark; #Sheopur; #MadhyaPradesh; #CheetahReintroduction,project cheetah in kuno national park kuno national park; Madhya Pradesh; Cheetah Reintroduction; Explore Kuno; sheopur kuno national park,Cheetah Reintroduction; Kuno National; Madhya Pradesh; Explore Kuno,,Kuno National Park; Sheopur; Madhya Pradesh,,"Bing, DuckDuckGo"
EVT_47,Mahakal Lok Corridor Pilgrimage Expansion,Central,Government Initiatives,#MahakalLokCorridor; #MahakaleshwarTemple; #Ujjain; #MadhyaPradesh; #MahakalMahalok; #NarendraModi; #TechInnovation; #TechCommunity,mahakal lok corridor pilgrimage expansion mahakaleshwar temple; rudrasagar lake restoration; 000 pilgrims daily; Madhya Pradesh; Mahakal Mahalok; Narendra Modi; Ujjain Gets; Prime Minister; Mahakaleshwar Jyotirlinga; Lord Shiva; Corridor Ujjain; ujjain mahakaleshwar temple,Mahakal Mahalok; Narendra Modi; Mahakal Lok; Temple Corridor; Madhya Pradesh; Ujjain Gets; Prime Minister; Mahakaleshwar Jyotirlinga; Mahakaleshwar Temple; Lord Shiva; Corridor Ujjain,,Mahakaleshwar Temple; Ujjain; Madhya Pradesh,rudrasagar lake restoration; 000 pilgrims daily,"Bing, DuckDuckGo"
EVT_48,Pravasi Bharatiya Divas Convention in Indore,Central,Public Affairs,#PravasiBharatiyaDivas; #BrilliantConventionCentre; #Indore; #MadhyaPradesh,pravasi bharatiya divas convention in indore brilliant convention centre; inaugurating diaspora business pavilions; youth delegations; Madhya Pradesh; Amrit Kaal; Pravasi Chit; Non Resident; Pravasi Payment,Pravasi Bharatiya; Madhya Pradesh; Amrit Kaal; Pravasi Chit; Pravasi Chits; Non Resident; Pravasi Payment,,Brilliant Convention Centre; Indore; Madhya Pradesh; Pravasi Bharatiya Divas Convention,inaugurating diaspora business pavilions; youth delegations,"Bing, DuckDuckGo"
EVT_49,Hasdeo Arand Forest Coal Mining Protests,Central,Environment,#HasdeoArandForestCoal; #Surguja; #Korba; #Chhattisgarh; #GramSabha; #AdaniGroup; #TribalConsent; #SaveEnvironment; #ClimateAction,hasdeo arand forest coal mining protests hasdeo arand; environmental destruction; tribal villagers; Gram Sabha; Adani Group; Hasdeo Aranya Bachao Sangharsh Samiti; Tribal Consent; Adani Enterprises; Scheduled Areas; Fifth Schedule; Indian Constitution; Tribes Battle; Corporate Coal; Rights Setback; surguja hasdeo arand; korba hasdeo arand; chhattisgarh hasdeo arand,Hasdeo Arand; Tribal Consent; Adani Enterprises; Scheduled Areas; Fifth Schedule; Indian Constitution; Hasdeo Forest; Tribes Battle; Corporate Coal; Rights Setback; Hasdeo Aranya; Bachao Sangharsh,Gram Sabha; Adani Group; Hasdeo Aranya Bachao Sangharsh Samiti,Hasdeo Arand; Surguja; Korba; Chhattisgarh,coal mining; environmental destruction; tribal villagers,DuckDuckGo
EVT_50,Bastar Dussehra 75-Day Tribal Festival,Central,Festivals,#BastarDussehra75DayTribal; #DanteshwariTemple; #Jagdalpur; #Chhattisgarh; #PatJatra; #FestivalVibes; #CultureAndHeritage,bastar dussehra 75-day tribal festival danteshwari temple; Danteshwari Devi; Goddess Danteshwari; Pat Jatra; Bhagwan Ram; Unique Cultural; Lord Rama; Day Rituals; Hareli Amavasya; Ravan Dahan; jagdalpur danteshwari temple; chhattisgarh danteshwari temple,Bastar Dussehra; Pat Jatra; Bhagwan Ram; Danteshwari Devi; Unique Cultural; Lord Rama; Goddess Danteshwari; Day Rituals; Hareli Amavasya; Ravan Dahan; Paat Jatra,,Danteshwari Temple; Jagdalpur; Bastar; Chhattisgarh,,DuckDuckGo
EVT_51,Bihu Guinness World Record Dance Performance,Northeast,Festivals,#BihuGuinnessWorldRecord; #SarusajaiStadium; #Guwahati; #Assam; #GuinnessWorld; #WorldRecord; #TechInnovation; #TechCommunity,bihu guinness world record dance performance sarusajai stadium; 000 bihu dancers; dhol drummers assembled; Largest Bihu; Guinness Book; Himanta Biswa Sarma; Assam Bihu; Rongali Bihu; Bihu Enters; Traditional Bihu; guwahati sarusajai stadium; assam sarusajai stadium,Himanta Biswa Sarma; Guinness World; World Record; Assam Bihu; Largest Bihu; Bihu Dance; Guinness Book; Rongali Bihu; Bihu Enters; Himanta Biswa; Traditional Bihu,,Sarusajai Stadium; Guwahati; Assam,000 bihu dancers; dhol drummers assembled,"Bing, DuckDuckGo"
EVT_52,Hornbill Festival at Kisama Heritage Village,Northeast,Festivals,#HornbillFestivalKisama; #NagaHeritageVillageKisama; #Kohima; #KisamaHeritage; #NagalandGuide; #FestivalVibes; #CultureAndHeritage,hornbill festival at kisama heritage village naga heritage village kisama; folk songs; bamboo games; great hornbill rock concert; Nagaland Guide; Northeastern Indian; Hornbill Instance; kohima naga heritage village kisama,Kisama Heritage; Nagaland Guide; Naga Heritage; Northeastern Indian; Hornbill Instance,,Naga Heritage Village Kisama; Kohima; Nagaland,folk songs; bamboo games; great hornbill rock concert,"Bing, DuckDuckGo"
